{"cameraMode":{"drawMode":0,"name":"Shaded","section":"Shading Mode"},"sceneLighting":true,"audioPlay":false,"sceneViewState":{"m_AlwaysRefresh":false,"showFog":true,"showSkybox":false,"showFlares":true,"showImageEffects":true,"showParticleSystems":true,"showVisualEffectGraphs":true,"m_FxEnabled":true},"in2DMode":false,"pivot":{"x":-29.540000915527345,"y":7.234284400939941,"z":-9.227370262145996},"rotation":{"x":-0.1289428174495697,"y":0.016935700550675393,"z":-0.0023543089628219606,"w":-0.991617739200592},"size":16.897911071777345,"orthographic":false}